id,week,name,artist,kana,year,nation,label,producer,corner,youtube
1,1,My Sharona,The Knack,,1979,US,Capitol Records,,,bbr60I0u2Ng
2,1,Don’t Look Back,Boston,,1978,US,Epic,,,2HuiH-0R6a0
3,1,Way of the World,Cheap Trick,,1979,US,Epic,,,y1JuM8fP2dM
4,1,Can the Can,Suzi Quatro,,1973,US,RAK Records,,,fKBtPXeJwEA
5,1,Message in a Bottle,The Police,,1979,UK,A&M,,,MbXWrmQW-OE
6,1,The Unconventional,Japan,,1978,UK,Hansa,,,
7,1,Strutter ’78,Kiss,,1978,US,Casablanca,,,SzhdSKxrymY
8,1,Breakfast in America,Supertramp,,1979,UK,A&M,,,gmj_EmVHiR4
9,1,醒めない,スピッツ,,2016,JPN,Universal Records,亀田誠治,,fuebj1esuwY
10,2,歌ウサギ,スピッツ,,2017,JPN,Universal Records,亀田誠治,漫遊前の一曲,
11,2,Superstar,Andrew Lloyd Webber and Tim Rice,,1969,UK,Decca/MCA,"Tim Rice, Andrew Lloyd Webber",,Je6g1ufZhJY
12,2,The Living End,Judee Sill,,1974,US,Water Records,,,4gIBGTgnOdU
13,2,Dust,Fleetwood Mac,,1972,UK,Reprise Records,Fleetwood Mac,,-i3w576gr9o
14,2,サースティ,吉田ヨウヘイgroup,よしだようへいぐるーぷ,2017,JPN,P-VINE,,,kRa6RMfrfvI
15,2,You Stole My Heart,Randy California,,1979,US,,Randy California,,
16,2,N.E.O.,CHAI,,2017,JPN,OTEMOYAN record,CHAI,,YMGf3zyhG94
17,2,Dreamtime,SOON,,1998,JPN,東芝EMI,,ちょっぴりタイムマシン,
18,3,みそか,スピッツ,,2005,JPN,Universal Records,亀田誠治,漫遊前の一曲,
19,3,Living After Midnight,Judas Priest,,1980,UK,Columbia,Tom Allom,,9VVFNgbsDC4
20,3,Paranoid,Black Sabbath,,1970,UK,Vertigo,Rodger Bain,,hkXHsK4AQPs
21,3,Heart Breaker,Led Zeppelin,,1969,UK,Atlantic,Jimmy Page,,S_CYdTmj7lA
22,3,SHINY DAY,EARTHSHAKER,,1984,JPN,キングレコード,,,2IkMJ2xhS8Q
23,3,Sparkle,山下達郎,やましたたつろう,1982,JPN,AIR ⁄ RVC,,,
24,3,Dreamy Dreamer,LU-NA,,1991,JPN,キングレコード,,ちょっぴりタイムマシン,
25,4,インディゴ地平線,スピッツ,,1996,JPN,ポリドール,笹路正徳,漫遊前の一曲,cdMEZkGW2PA
26,4,はじまりの国,People In the Box,,2007,JPN,under_bar,,,dBz5JsdDTHw
27,4,初期衝動,BRAHMAN,,2013,JPN,トイズファクトリー,,,NnRvCS_pa8I
28,4,GOLD,Awesome City Club,,2015,JPN,ビクターエンタテイメント,,,8cP9HeZS37E
29,4,Amazing Parade,Czecho No Republic,,2014,JPN,日本コロムビア,,,FodrXpDdvtg
30,4,血清,パノラマメロウ,,2017,JPN,パノラマメロウ,,,
31,4,Merry Go Round In Rainy Days,NYAI,,2016,JPN,ニャイちゃんレーベル,,,PRTQb_BYqig
32,4,新しい風,陣内大蔵,じんないだいぞう,1992,JPN,ファンハウス,,ちょっぴりタイムマシン,
33,5,みなと,スピッツ,,2016,JPN,Universal Records,亀田誠治,漫遊前の一曲,GiuxvmiULhI
34,5,The Drugs Don’t Work,The Verve,,1997,UK,Hut Records,"Youth, Chris Potter",,ToQ0n3itoII
35,5,Real Animal,The House of Love,,1987,UK,Creation,,,
36,5,Can’t Be Sure,The Sundays,,1989,UK,Rough Trade,Ray Shulman,,yARVs1ZNLjU
37,5,空洞です,ゆらゆら帝国,,2007,JPN,ソニー・ミュージックアソシエイテッドレコーズ,,,mKUhq7SYouA
38,5,Summer of '69,Bryan Adams,,1984,CAN,A&M,Bob Clearmountain,,eFjjO_lhf9c
39,5,I Don't Know What It Is,Rufus Wainwright,,2004,CAN,DreamWorks Records,Marius de Vries,,hv0kaGGFetA
40,5,夕なぎ,Nav Katze,,1987,JPN,SWITCH,窪田晴男,ちょっぴりタイムマシン,
41,6,魔女旅に出る,スピッツ,,1991,JPN,ポリドール,高橋信彦,漫遊前の一曲,
42,6,Honesty,Billy Joel,,1979,US,Columbia,Phil Ramone,,SuFScoO4tb0
43,6,Pretty Ballerina,The Left Banke,,1967,US,Smash,Harry Lookofsky,,
44,6,Love Me Please Love Me,Michel Polnareff,,1966,FR,Disc'AZ,,,CM8CzDsCoeE
45,6,Leave a Light On,Belinda Carlisle,,1989,US,"MCA, Virgin",Rick Nowels,,pmZYE8j2ZNs
46,6,Love Letter Boxes,The Posies,,1993,US,DGC,Don Fleming,,q1oiHcKAAeA
47,6,YES-YES-YES,オフコース,,1982,JPN,EXPRESS,,,v8a6z8PixD0
48,6,積木の汽車,Sheen,,1995,JPN,ファンハウス,森達彦,ちょっぴりタイムマシン,
49,7,スカーレット,スピッツ,,1998,JPN,ポリドール,笹路正徳,漫遊前の一曲,l1-D43s6D_A
50,7,The Hellion / Electric Eye,Judas Priest,,1982,UK,Columbia,Tom Allom,三輪テツヤ選曲,yMVV_HsHcX0
51,7,Purgatory,Iron Maiden,,1981,UK,EMI,Martin Birch,田村明浩選曲,ie7GZGdgdPQ
52,7,あせかきベソかきRock’n Roll run,横浜銀蝿,よこはまぎんばえ,1982,JPN,キングレコード,,崎山龍男選曲,
53,7,ふっかつのじゅもん,sumika,,2014,JPN,murffin discs,,,mSe8zHd27MU
54,7,You,Nuno,,1997,US,A&M,Anthony J. Resta,三輪テツヤ選曲,
55,7,NO YOUNG,フラワーカンパニーズ,,2017,JPN,チキン・スキン・レコード,,田村明浩選曲,
56,7,alone,BAND-MAID,,2016,JPN,CROWN STONES,,崎山龍男選曲,axF56i4spio
57,7,Honey Dripper,アン・ルイス,,1986,JPN,ビクター,,ちょっぴりタイムマシン,
58,8,ハイファイ・ローファイ(NEW MIX),スピッツ,,2004,JPN,ユニバーサル,,漫遊前の一曲,
59,8,Stand Up & Shout,Dio,,1983,UK,Vertigo,Ronnie James Dio,三輪テツヤ選曲,oIqdF4i3q58
60,8,The Spirit of Radio,Rush,,1980,CAN,Mercury Records,Terry Brown,田村明浩選曲,QuL_euRslTc
61,8,Loudness,Loudness,,1981,JPN,日本コロムビア,,崎山龍男選曲,
62,8,Lonesome in a crowd,The Groovers,,2009,JPN,BM tunes,,三輪テツヤ選曲,
63,8,Cum On Feel the Noize,Quiet Riot,,1983,US,Pasha,Spencer Proffer,田村明浩選曲,ZxgMGk9JPVA
64,8,ロマンスがありあまる,ゲスの極み乙女。,げすのきわみおとめ,2015,JPN,ワーナーミュージック・ジャパン,,崎山龍男選曲,C6-AN8J385c
65,8,LADY REIKO,BLIZARD,,1984,JPN,ワーナー・パイオニア,,ちょっぴりタイムマシン,
66,9,春の歌,スピッツ,,2005,JPN,ユニバーサル,亀田誠治,漫遊前の一曲,94uxNQqmknk
67,9,Blackbird,The Beatles,,1968,UK,Apple,George Martin,,Man4Xw8Xypo
68,9,バンドワゴン,くるり,,2004,JPN,SPEEDSTAR RECORDS,,,
69,9,Ho Hey,The Lumineers,,2012,US,Dualtone,Ryan Hadlock,,zvCBSSwgtg4
70,9,ゆらゆら,YeYe,,2017,JPN,Rallye,,,StkLx0e4f6c
71,9,Queen Bitch,David Bowie,,1971,UK,RCA,Ken Scott,,2_ayFz62eYE
72,9,Wond’ring Aloud ,Jethro Tull,,1971,UK,Chrysalis,,,luDfuZkeqKU
73,9,クロ,遊佐未森,ゆさみもり,2005,JPN,ヤマハミュージックコミュニケーションズ,,ちょっぴりタイムマシン,
74,10,1987→,スピッツ,,2017,JPN,ユニバーサル,,漫遊前の一曲,SalC2mBb1QQ
75,10,優しい川,エレファントカシマシ,,1988,JPN,EPIC SONY,,,
76,10,虹の彼方へ,Mr.Children,,1992,JPN,トイズファクトリー,小林武史,,
77,10,おーい！！,ウルフルズ,,2015,JPN,ワーナーミュージック・ジャパン,,,
78,10,だけど一人じゃいられない,JUN SKY WALKER(S),,1988,JPN,トイズファクトリー,,,
79,10,ビューティフルドリーマー,フラワーカンパニーズ,,2013,JPN,ソニー・ミュージックアソシエイテッドレコーズ,,,fIh0IAqObi8
80,10,Charmless Man,Blur,,1995,UK,Food,Stephen Street,,p1a_4CN4onA
81,10,月とSNAPSHOTS,鈴木祥子,すずきしょうこ,1995,JPN,EPIC SONY,,ちょっぴりタイムマシン,
82,11,Holiday,スピッツ,,2000,JPN,ポリドール,石田小吉,漫遊前の一曲,
83,11,キルミー,SUNNY CAR WASH,,2017,JPN,OFUTON RECORDS,,,8AkTa5QjssU
84,11,ベイビーイッツオールライト,Layne,,2017,JPN,Youth Records,,,
85,11,"Lies,Lies,Lies/あの娘は嘘つき",SHOTGUN RUNNERS,,2011,JPN,MAJESTIC SOUND RECORDS,,,-PCYIJXX0eI
86,11,きみの春になれたら,プププランド,,2017,JPN,EXXENTRIC RECORDS,,,-TA2sEgc_Iw
87,11,Ghana,D.A.N,,2016,JPN,SSWB / BAYON PRODUCTION,,,z2EcSLaK15w
88,11,檸檬,BURNOUT SYNDROMES,,2016,JPN,EPIC SONY,,,
89,11,いってみよう,馬喰町バンド,ばくろちょうばんど,2017,JPN,HOWANIMALMOVE,,,wz2lipZ3Lho
90,11,欲しいのはおまえだけ,BOW WOW,,1980,JPN,SMS Records,,ちょっぴりタイムマシン,
91,12,ヒバリのこころ,スピッツ,,1991,JPN,ポリドール,高橋信彦,漫遊前の一曲,GYmu0pLeU_c
92,12,ふな ふな ふなっしー♪,ふなっしー,,2013,JPN,ユニバーサル,高見沢俊彦,,EyRgTBwQ_d8
93,12,半斤八両,許冠傑,さみゅえるほい,1976,HKG,PolyGram,,,
94,12,Yamasuki,Yamasuki Singers,,1971,FR,Biram,Jean Kluger,,BXCrpFRK_n0
95,12,O・TO・GA・MEはーと,激しぶBOYS,げきしぶぼういず,2004,JPN,トイズファクトリー,,,
96,12,どこへ行くの,川崎幸子・敏子,かわさきゆきことしこ,1970,JPN,日本コロムビア,,,
97,12,目をつむってモンキーダンス,平尾昌晃,ひらおまさあき,1960,JPN,キングレコード,,,
98,12,値上げ,高田渡,たかだわたる,1971,JPN,キングレコード,,,
99,12,New Morning,カーネーション,,1997,JPN,日本コロムビア,,ちょっぴりタイムマシン,TbK6mkKb5hg
100,13,愛のしるし,スピッツ,,1999,JPN,ポリドール,白井良明,漫遊前の一曲,7awhzclrBMc
101,13,Be My Baby,Vanessa Paradis,,1992,FR,Remark Records,Lenny Kravitz,,WXnR7iZy0ZM
102,13,The Difference,The Wallflowers,,1996,US,Interscope Records,T Bone Burnett,,5qSAMtomFvk
103,13,"Listen, Learn, Read On",Deep Purple,,1968,UK,Tetragrammaton,Derek Lawrence,,
104,13,まんをじして,奥田民生,おくだたみお,2002,JPN,Sony Records,,,
105,13,Rock the Nation,Montrose,,1973,US,Water Bros.,Ted Templeman,,r4nd8BgBoPo
106,13,BYE,L⇔R,,1995,JPN,ポニーキャニオン,,,
107,13,涙の理由,Be Modern,,1986,JPN,EPIC SONY,,ちょっぴりタイムマシン,
108,14,ビギナー,スピッツ,,2010,JPN,ユニバーサル,亀田誠治,漫遊前の一曲,Dy7p52n2JGs
109,14,わかってもらえるさ,RCサクセション,,1976,JPN,キティレコード,,,
110,14,踊ろよベイビー,遠藤賢司,えんどうけんじ,1974,JPN,ポリドール,,,
111,14,香り,外道,げどう,1974,JPN,ショーボートレコード,,,
112,14,夕飯は御仕舞,葡萄畑,ぶどうばたけ,1974,JPN,ポリドール,,,
113,14,スウィート・ホーム大阪,ファニー・カンパニー,,1972,JPN,アトランティック,,,
114,14,On Wings of Love,紫,むらさき,1976,JPN,Bourbon Records,,,
115,14,シトラス,advantage Lucy,,1998,JPN,東芝EMI,,ちょっぴりタイムマシン,
116,15,子グマ!子グマ!,スピッツ,,2016,JPN,ユニバーサル,亀田誠治,漫遊前の一曲,
117,15,We Will Rock You,Queen,,1977,UK,EMI,,,-tJYN-eG1zk
118,15,If the Kids Are United,Sham 69,,1978,UK,Polydor,,,ag-Ht5jg-6M
119,15,Idle Gossip,Toy Dolls,,1986,UK,Volume Records,,,RjCi2vFeZhk
120,15,We’re Not Gonna Take It,Twisted Sister,,1984,US,Tom Werman,,,4xmckWVPRaI
121,15,Drunken Lullabies,Flogging Molly,,2002,US,SideOneDummy,Ted Hutt,,89NjEeHku8o
122,15,Sólo le pido a Dios,León Gieco,,1978,ARG,,,,UdEIMVbGUI4
123,15,天井裏から愛を込めて,アンジー,,1988,JPN,メルダック,,ちょっぴりタイムマシン,
124,16,シロクマ,スピッツ,,2010,JPN,ユニバーサル,亀田誠治,漫遊前の一曲,UiYl1r5m5a0
125,16,Baba O'Riley,The Who,,1971,UK,Polydor,Glyn Johns,,LDknRxdHNog
126,16,Applaud The Winner,Tantrum,,1979,US,Ovation Records,,,nI6dkvEsdoE
127,16,Push,The Cure,,1985,UK,Fiction,David M. Allen,,i6T7xjBFPWA
128,16,JOLLY ROGERS,THE WILLARD,,1985,JPN,キャプテンレコード,,,
129,16,The Ballroom Blitz,Sweet,,1973,UK,RCA,,,ewFBuYHldeY
130,16,This Magnificent Bird Will Rise,Deerhoof,,2002,US,Kill Rock Stars,,,hjAMDEfdluY
131,16,S.O.S,ハイハニDX,,2000,JPN,Knockers Records,,ちょっぴりタイムマシン,
132,17,群青,スピッツ,,2007,JPN,ユニバーサル,亀田誠治,漫遊前の一曲,13jH7X4aKi8
133,17,July Morning,Uriah Heep,,1971,UK,Bronze,,,SAx5XtiB2CQ
134,17,Look at Yourself,Uriah Heep,,1971,UK,Bronze,,,07qum-r17A8
135,17,The Wizard,Uriah Heep,,1972,UK,Bronze,,,Mki3xYnStUM
136,17,Come Away Melinda,Uriah Heep,,1970,UK,Vertigo,,,21aH8nI5Nhw
137,17,Too Scared to Run,Uriah Heep,,1982,UK,Bronze,,,kUgItn-NM9M
138,17,I Can See You,Uriah Heep,,2011,UK,Frontiers,,,wWy3HyDwcBE
139,17,この森へ←,チエ・カジウラ,,1996,JPN,SPEEDSTAR RECORDS,,ちょっぴりタイムマシン,
140,18,ガーベラ,スピッツ,,2002,JPN,ユニバーサル,亀田誠治,漫遊前の一曲,
141,18,センチメンタル,Syrup16g,,2002,JPN,トライアド,,,
142,18,小さなリンジー,田中茉裕,たなかまひろ,2012,JPN,AVOCADO records,,,YFESOU_YdSA
143,18,貴方が好きな私,阿部真央,あべまお,2013,JPN,ポニーキャニオン,,,mvt21LGL7P0
144,18,サルビアの花,もとまろ,,1972,JPN,キャニオンレコード,,,
145,18,Autre Temps,Alcest,,2012,FR,Prophecy Productions,,,85c-P9hbmBg
146,18,ひかりのふるさと,青葉市子,あおばいちこ,2012,JPN,東雲録音,,,qoa1G6uBz-0
147,18,Boys & Girls,THE FUSE,,1990,JPN,東芝EMI,,ちょっぴりタイムマシン,
148,19,スパイダー,スピッツ,,1994,JPN,ポリドール,笹路正徳,漫遊前の一曲,mf-RrGndfC8
149,19,Those Were the Days,Mary Hopkin,,1968,UK,Apple,Paul McCartney,,1DQepQaporY
150,19,The Legend of Xanadu,"Dave Dee, Dozy, Beaky, Mick & Tich",,1968,UK,Fontana Records,Steve Rowland,,NZxFuAc8iMU
151,19,Hurdy Gurdy Man,Donovan,,1968,UK,Pye,Mickie Most,,CHxfOZH8cew
152,19,In-A-Gadda-Da-Vida,Iron Butterfly,,1968,US,Atco,,,hNBgEirKxq8
153,19,Irrésistiblement,Sylvie Vartan,,1968,FR,RCA Victor,,,
154,19,Race with the Devil,The Gun,,1968,UK,CBS,,,Ke3-v0g6GcU
155,19,京都,ピロカルピン,,2009,JPN,グララーガ,,ちょっぴりタイムマシン,
156,20,日曜日,スピッツ,,1991,JPN,ポリドール,高橋信彦,漫遊前の一曲,
157,20,マッハバロン,すぎうらよしひろ,,1974,JPN,ポリドール,,,
158,20,ルパン三世 その2,チャーリー・コーセー,,1971,JPN,,,,
159,20,はじめ人間ギャートルズ,ザ・ギャートルズ,,1974,JPN,CBS・ソニー,,,5StFXTlh_2A
160,20,ファイトだ!!ピュー太,フォア・ジェッツ,,1968,JPN,,,,
161,20,ハクション大魔王のうた,嶋崎由理,しまざきゆり,1969,JPN,日本コロムビア,,,n1FIUDXrnOg
162,20,さすらいの太陽,スリー・グレイセス,,1971,JPN,日本コロムビア,,,
163,20,きこえるかしら,大和田りつこ,おおわだりつこ,1979,JPN,,,,DBQgH2o8YKI
164,20,ミクロイドS,ヤング・スターズ,,1973,JPN,,,,GISZN2NBgU0
165,20,レオのうた,弘田三枝子,ひろたみえこ,1965,JPN,,,,
166,20,正義の使者だぜ ドテラマン,こおろぎ'73,,1986,JPN,日本コロムビア,,,
167,20,Kill Me Stop,CASCADE,,1995,JPN,ビクターエンタテイメント,,ちょっぴりタイムマシン,
168,21,正しい街,the ウラシマ’S,,2017,JPN,ユニバーサル,亀田誠治,漫遊前の一曲,
169,21,Any Way You Want It,Journey,,1980,US,Columbia,Geoff Workman,,atxUuldUcfI
170,21,Heat of the Moment,Asia,,1982,UK,Geffen,Mike Stone,,81qZLpu8FY4
171,21,Working for the Weekend,Loverboy,,1981,CAN,Columbia,Bruce Fairbairn,,zL8G5pBZ5CI
172,21,In Your Letter,REO Speedwagon,,1980,US,Epic,Kevin Beamish,,zpOULjyy-n8
173,21,People of the South Wind,Kansas,,1979,US,Kirshner,,,FtXwopQ0GYo
174,21,99,Toto,,1979,US,Columbia,,,qhw-XlTMB5I
175,21,Y・M・J・S,Sepa,,2001,JPN,徳間ジャパン,森純太,ちょっぴりタイムマシン,
176,22,ロビンソン,スピッツ,,1995,JPN,ポリドール,笹路正徳,漫遊前の一曲,51CH3dPaWXc
177,22,僕はコレクター,THE COLLECTORS,,1987,JPN,BAIDIS,,,
178,22,虹色サーカス団,THE COLLECTORS,,1988,JPN,BAIDIS,,,
179,22,太陽が昇るまえに,THE COLLECTORS,,1989,JPN,BAIDIS,,,
180,22,LUNA,THE COLLECTORS,,2001,JPN,TRIAD,吉田仁,,c-l7ozIHx4I
181,22,東京虫バグズ,THE COLLECTORS,,2007,JPN,TRIAD,吉田仁,,
182,22,ロマンチック・プラネット,THE COLLECTORS,,2016,JPN,TRIAD,,,
183,22,タイマー,フーバーオーバー,,2008,JPN,PLUS MAGIC,,ちょっぴりタイムマシン,
184,23,ジュテーム？,スピッツ,,2000,JPN,ポリドール,石田小吉,漫遊前の一曲,
185,23,Je veux qu’il revienne,Françoise Hardy,,1964,FR,Disques Vogue,Jacques Wolfsohn,,opUnrzBE45s
186,23,Harley Davidson,Brigitte Bardot,,1968,FR,Mercury Records,,,nKltTdqtLFo
187,23,Antisocial,Trust,,1980,FR,BMG,,,Hx_m7Y9nGtU
188,23,Cybele's Reverie,Stereolab,,1996,UK,Duophonic,,,NgGkUMCixH0
189,23,J't'emmène au vent,Louise attaque,,1997,FR,Atmosphériques,,,BRTDC9Z5UdE
190,23,Perdus cette nuit,BB Brunes,,2007,FR,Warner Music,,,gf4yoP3wWdo
191,23,Je cours,Kyo,,2003,FR,Jive Records,,,5xqBUE8z-bk
192,23,明日の行方,SMILE,,1995,JPN,ソニー・ミュージックレコーズ,,ちょっぴりタイムマシン,
193,24,あじさい通り,スピッツ,,1995,JPN,ポリドール,笹路正徳,漫遊前の一曲,
194,24,昆虫軍,戸川純,とがわじゅん,1984,JPN,アルファレコード,,,
195,24,べにくじら,有頂天,うちょうてん,1986,JPN,キャニオンレコード,,,
196,24,GERONIMO,GASTUNK,,1986,JPN,クラウンミュージック,,,
197,24,うめたて,ZELDA,,1983,JPN,日本フォノグラム,白井良明,,
198,24,BROKEN GENERATION,LAUGHIN' NOSE,,1985,JPN,VAP,,,foIbzhIPFJQ
199,24,"I Am Bitch, Or Not",キャ→,,1986,JPN,Spankids Record,,,
200,24,only you(唯一人),ばちかぶり,,1985,JPN,ナゴムレコード,,,
201,24,痛み,クレヨン社,,1988,JPN,NECアベニュー,,ちょっぴりタイムマシン,
202,25,猫になりたい,スピッツ,,1994,JPN,ポリドール,笹路正徳,漫遊前の一曲,
203,25,Daydream Believer,The Monkees,,1967,US,Colgems,Chip Douglas,,xvqeSJlgaNk
204,25,Looking for the Man,Rabbitt,,1975,ZAF,Jo'Burg Records,,,
205,25,Heartache Tonight,Eagles,,1979,US,Asylum,Bill Szymczyk,,
206,25,I Don't Like It,Zebra,,1984,US,Atlantic,Jack Douglas,,-0KU-D9dHRk
207,25,Prepare Your Coffin,Tortoise,,2009,US,Thrill Jockey,,,6zRJftR_508
208,25,Come Unwound,The Bulls,,2014,US,Diet Pink Records,,,2Pc64JWiqNA
209,25,You're in Love,Ratt,,1985,US,Atlantic,Beau Hill,,8aqyosRF1Aw
210,25,コペルニクス,SKAFUNK,,1989,JPN,Wonder Force,,ちょっぴりタイムマシン,
211,26,青い車,スピッツ,,1994,JPN,ポリドール,土方隆行,漫遊前の一曲,5K8ZuLYG0yo
212,26,Black Shuck,The Darkness,,2003,UK,Atlantic,Pedro Ferreira,,nRlTc1RYMGU
213,26,Wuthering Heights,Kate Bush,,1978,UK,EMI,Andrew Powell,,-1pMMIe4hb4
214,26,Hocus Pocus,Focus,,1971,NED,Imperial Records,Mike Vernon,,9esBTlhbC_g
215,26,Stayin’ Alive,Bee Gees,,1977,US,RSO,Albhy Galuten,,I_izvAbhExY
216,26,Anthem,Rush,,1975,CAN,Anthem,Terry Brown,,
217,26,ワタリドリ,[ALEXANDROS],Alexandros,2015,JPN,ユニバーサル,,,O_DLtVuiqhI
218,26,Lovin’ You,Minnie Riperton,,1975,US,Epic,Stevie Wonder,,REe_U1MxIKM
219,26,終電マスター,FREENOTE,,2003,JPN,DESERT AIR RECORDS,,ちょっぴりタイムマシン,xrUrKSbYVgE
220,27,小さな生き物,スピッツ,,2013,JPN,ユニバーサル,亀田誠治,漫遊前の一曲,tU5mPtGk1Eg
221,27,The Concept,Teenage Fanclub,,1991,UK,Creation,,,7JYH1pVbqpQ
222,27,Like a Virgin,Teenage Fanclub,,1991,UK,Creation,,,
223,27,The Cabbage,Teenage Fanclub,,1993,UK,Creation,,,LiZrfCWsuMk
224,27,Sparky's Dream,Teenage Fanclub,,1995,UK,Creation,,,UK_CuMJJLwg
225,27,Ain't That Enough,Teenage Fanclub,,1997,UK,Creation,,,jdeqYx-9-AQ
226,27,I Don't Want Control of You,Teenage Fanclub,,1997,UK,Creation,,,
227,27,I'm In Love,Teenage Fanclub,,2016,UK,Merge,,,FDOLKSp2AWU
228,27,Fall in Love Once Again,SPORTS,,2006,JPN,ビクターエンタテイメント,,ちょっぴりタイムマシン,
229,28,ハニーハニー,スピッツ,,1992,JPN,ポリドール,高橋信彦,漫遊前の一曲,
230,28,Run Run Run,Jo Jo Gunne,,1972,US,Asylum,Tom Dowd,,cOi0Iv5J45c
231,28,ハイ!チャイナ!,thee michelle gun elephant,,1997,JPN,TRIAD,,,
232,28,Panic,The Smiths,,1986,UK,Rough Trade,John Porter,,wMykYSQaG_c
233,28,Midnight Teenage Shuffle,PERSONZ,,1987,JPN,BAIDIS,,,pUnQzRNxfiA
234,28,Gepetto,Belly,,1993,US,Sire,Gil Norton,,SBi676v4Gs4
235,28,Lazy Sunday,Small Faces,,1968,UK,EMI,,,o_ZKQtmNMVE
236,28,Southern Girls,Cheap Trick,,1977,US,Epic,Tom Werman,,VRSg81H7Bm0
237,28,体力に限界はあるのか,カステラ,,1989,JPN,CBS・ソニー,,ちょっぴりタイムマシン,
238,29,ハチの針,スピッツ,,2016,JPN,ユニバーサル,亀田誠治,漫遊前の一曲,
239,29,You Really Got Me,The Kinks,,1964,UK,Pye,Shel Talmy,,fTTsY-oz6Go
240,29,Rock Bottom,UFO,,1974,UK,Chrysalis,Leo Lyons,,BdJTUuwYBN8
241,29,Welcome to the Jungle,Guns N' Roses,,1987,US,Geffen,Mike Clink,,o1tj2zJ2Wvg
242,29,Sick of Myself,Matthew Sweet,,1995,US,Zoo Entertainment,Brendan O’Brien,,sNfocDNZWY8
243,29,People of the Sun,Rage Against the Machine,,1996,US,Epic,Brendan O’Brien,,scyC9A6o_Ts
244,29,ユー・エフ・オー,吉田ヨウヘイgroup,よしだようへいぐるーぷ,2015,JPN,P-VINE,,,sXr0jiIUr6g
245,29,星のリンダ,JET KELLY,,2004,JPN,meldac,,ちょっぴりタイムマシン,
246,30,夏の魔物,スピッツ,,1991,JPN,ポリドール,高橋信彦,漫遊前の一曲,
247,30,サマーツアー,RCサクセション,,1982,JPN,ロンドン・レコード,,,dRMIUegdhh4
248,30,SUMMER SONG,YUI,,2008,JPN,STUDIOSEVEN Recordings,HISASHI KONDO,,JW7y1gzWISA
249,30,Summer Soul,cero,,2015,JPN,カクバリズム,,,lfETQNfBAD4
250,30,SUMMER BREEZE,go!go!vanillas,,2018,JPN,ビクターエンタテイメント,,,lTYHDtukfcw
251,30,夏が来て僕等,真島昌利,ましままさとし,1989,JPN,メルダック,篠原太郎,,
252,30,真夏の夜の事,初恋の嵐,はつこいのあらし,2002,JPN,ユニバーサル,,,1_Op0iJ9Ddc
253,30,あなほり,KUSU KUSU,,1989,JPN,ゴリランドレコード,,ちょっぴりタイムマシン,
254,31,初恋に捧ぐ,スピッツ,,2012,JPN,ユニバーサル,,漫遊前の一曲,
255,31,The Real Me,The Who,,1973,UK,Track,,田村明浩選曲,9QhB411bMuU
256,31,Don't Look Around,Mountain,,1971,US,Windfall,,田村明浩選曲,lVU8a5kJSNU
257,31,The Ides of March / Wrathchild,Iron Maiden,,1981,UK,EMI,Martin Birch,田村明浩選曲,io4ObwuO24w
258,31,London Calling,The Clash,,1979,UK,CBS,Guy Stevens,田村明浩選曲,EfK-WX2pa8c
259,31,Caught in a Mosh,Anthrax,,1987,US,Megaforce,,田村明浩選曲,zlLn0UicWrM
260,31,You're My Best Friend,Queen,,1976,UK,EMI,Roy Thomas Baker,田村明浩選曲,HaZpZQG2z10
261,31,オレンジ色の月,マルコシアス・バンプ,,1990,JPN,ビクターエンタテイメント,,ちょっぴりタイムマシン,
262,32,ナンプラー日和,スピッツ,,2005,JPN,ユニバーサル,亀田誠治,漫遊前の一曲,
263,32,Stay (I Missed You),Lisa Loeb and Nine Stories,,1994,US,RCA,,三輪テツヤ選曲,i9HGwRbMiVY
264,32,Luka,Suzanne Vega,,1987,US,A&M,Steve Addabbo,三輪テツヤ選曲,VZt7J0iaUD0
265,32,Appointments,Julien Baker,,2017,US,Matador,,三輪テツヤ選曲,MdBu21i9aEE
266,32,No Ordinary Love (Live 2011),Sade,,2012,US,Epic,Mike Pela,三輪テツヤ選曲,au8rHGvytn8
267,32,Beauty,James Iha,,1997,US,Hut Records,Jim Scott,三輪テツヤ選曲,
268,32,Delaware,Don Peris,,2006,US,Jemez Mountain,,三輪テツヤ選曲,
269,32,初めて恋をした日,区麗情,くれいじょう,1994,JPN,Sony Records,,ちょっぴりタイムマシン,
270,33,オーバードライブ,スピッツ,,1992,JPN,ポリドール,,漫遊前の一曲,
271,33,Colorado Bulldog,Mr. Big,,1993,US,Atlantic,Kevin Elson,崎山龍男選曲,
272,33,Come Dancing,Jeff Beck,,1976,UK,Epic,George Martin,崎山龍男選曲,
273,33,Sparkle,山下達郎,やましたたつろう,1982,JPN,AIR ⁄ RVC,,崎山龍男選曲,
274,33,I WANT YOUR LOVE,DEAD END,,1989,JPN,BMGビクター,岡野ハジメ,崎山龍男選曲,
275,33,The Weight,The Band,,1968,US,Capitol Records,John Simon,崎山龍男選曲,Ymgvs0KU1L0
276,33,GパンとTシャツとブーツで,The Wells,,1993,JPN,日本コロムビア,,ちょっぴりタイムマシン,
277,34,ミカンズのテーマ,スピッツ,,2002,JPN,ユニバーサル,亀田誠治,漫遊前の一曲,
278,34,あなたに,MONGOL800,,2001,JPN,HIGH WAVE,,,0jFIrBvuuQ0
279,34,Heart Breaker,Condition Green,,1977,JPN,SEE-SAW,,,
280,34,五穀豊穣,パーシャクラブ,,1996,JPN,Eastworld,,,
281,34,上海ハニー,ORANGE RANGE,,2003,JPN,gr8! records,シライシ紗トリ,,
282,34,さよなら,かりゆし58,,2009,JPN,LD&K Records,,,Quv9IhgPswc
283,34,Parametric E.Q,caino,,2015,JPN,VAA,,,C132CaIZJBI
284,34,バリバリHOT,ホイフェスタ,,2005,JPN,ソニー・ミュージックレコーズ,,ちょっぴりタイムマシン,
285,35,夏が終わる,スピッツ,,1993,JPN,ポリドール,笹路正徳,漫遊前の一曲,
286,35,It's Still Rock and Roll to Me,Billy Joel,,1980,US,Columbia,Phil Ramone,,5eAQa4MOGkE
287,35,Wonder Woman,Attila,,1970,US,Epic,,,
288,35,Los Angelenos,Billy Joel,,1974,US,Columbia,Michael Stewart,,Wo2TKojbMN8
289,35,Prelude/Angry Young Man,Billy Joel,,1976,US,Columbia,,,M2iNLt_hUZg
290,35,You May Be Right,Billy Joel,,1980,US,Columbia,Phil Ramone,,Jo9t5XK0FhA
291,35,Shades of Grey,Billy Joel,,1993,US,Columbia,,,CopYqp0HZkY
292,35,夢ゴゴチ,江口洋介,えぐちようすけ,1991,JPN,ポリドール,,ちょっぴりタイムマシン,
293,36,ルナルナ,スピッツ,,1995,JPN,ポリドール,笹路正徳,漫遊前の一曲,
294,36,Exotic Lollipop (and other red roses) -奇妙なロリポップ-,Flipper’s Guitar,,1989,JPN,ポリスター,,,
295,36,Oblivious,Aztec Camera,,1983,UK,Rough Trade,,,eiLAIXl3-_Y
296,36,BODY FRESHER,ORIGINAL LOVE,,1991,JPN,Eastworld,,,
297,36,Carnival,The Cardigans,,1995,SWE,Trampolene,Tore Johansson,,7bK5EPjGri4
298,36,ラ・ブーム〜だってMY BOOM IS ME〜,カジヒデキ,,1997,JPN,トラットリア,,,9mnZecT4aYw
299,36,DUMBO,Suchmos,,2017,JPN,SPACE SHOWER MUSIC,金子悟,,
300,36,Knock Away,Attractions,,2017,JPN,GIMMICK-MAGIC,,,RhqkazxbeJw
301,36,An apple a day,bice,,2001,JPN,徳間ジャパン,,ちょっぴりタイムマシン,
302,37,旅人,スピッツ,,1996,JPN,ポリドール,笹路正徳,漫遊前の一曲,
303,37,Cemburu,Dewa,,2000,IDN,Aquarius Musikindo,Dhani Ahmad,,BW9sCb1_Lyo
304,37,新幹線,旺福,わんふー,2003,TWN,角頭音樂,,,r6MNehCIxmo
305,37,Banda Ng Bayan,Rivermaya,,2007,PHL,Warner Music Philippines,,,KqSC7t-tNsA
306,37,Long-D,Neon Bunny,,2011,KOR,Mirrorball Music,,,ISrAo89aCZ0
307,37,แสงสุดท้าย,Bodyslam,,2012,THA,genie records,,,JtvTnTppIik
308,37,Blue Day Dreaming 白日梦蓝,Hedgehog,,2009,CHN,Modern Sky,,,FsrTwBlNUjk
309,37,ハートにOK!,ザ・ファントムギフト,,1987,JPN,MIDI,小西康陽,ちょっぴりタイムマシン,
310,38,ネズミの進化,スピッツ,,2007,JPN,ユニバーサル,亀田誠治,漫遊前の一曲,
311,38,Saturday Night,Bay City Rollers,,1975,UK,Arista,Bill Martin,,7BKKaKT_dtM
312,38,Anyway You Want It,Angel,,1976,US,Casablanca,Derek Lawrence,,
313,38,Sick as a Dog,Aerosmith,,1976,US,Columbia,Jack Douglas,,iItP6hXZOlU
314,38,"Roots, Rock, Reggae",Bob Marley and the Wailers,,1976,JAM,Island,,,2jN1bqGr3ZY
315,38,Dark Cloud,Natural Gas,,1976,US,Private Stock,Felix Pappalardi,,x-K2jFkM0NM
316,38,Round & Round,The Edgar Winter Group,,1972,US,Epic,Rick Derringer,,
317,38,おしゃべり！おしゃべり！,小島麻由美,こじままゆみ,1995,JPN,ポニーキャニオン,,ちょっぴりタイムマシン,
318,39,君が思い出になる前に,スピッツ,,1993,JPN,ポリドール,笹路正徳,漫遊前の一曲,LrwC2Xu2POs
319,39,虹の都へ,高野寛,たかのひろし,1990,JPN,東芝EMI,Todd Rundgren,,
320,39,全部あとまわし,The ピーズ,,1989,JPN,ビクター,,,
321,39,コッペル,DOG HAIR DRESSERS,,1999,JPN,SO What? Records,根岸孝旨,,MNIgxUYIAFI
322,39,子供の十字軍,さねよしいさ子,,1993,JPN,フォーライフ ミュージックエンタテイメント,,,
323,39,旅に出よう,寺田十三夫,てらだとみお,1972,JPN,ポリドール,,,
324,39,午前8時の脱走計画,Cymbals,,1999,JPN,ビクター,,,
325,39,町蔵・町子・破壊,0、8秒と衝撃。,,2011,JPN,EVOL RECORDS,,ちょっぴりタイムマシン,RzjuBm0Z0I4
326,40,楓,スピッツ,,1998,JPN,ポリドール,棚谷祐一,漫遊前の一曲,YapsFDcGe_s
327,40,Fire and Water,Free,,1970,UK,Island,Roy Thomas Baker,,n3Jyn3pIzu0
328,40,Wishing Well,Free,,1973,UK,Island,Andy Johns,,zP-QZD9DcdE
329,40,Can’t Get Enough,Bad Company,,1974,UK,Island,,,7p9mzYB--uI
330,40,Painted Face,Bad Company,,1982,UK,Swan Song Records,,,VZMT3F6MLUk
331,40,We Are the Champion,Queen + Paul Rodgers,,2005,UK,Parlophone,Joshua J. Macrae,,k6AcfSKdy3A
332,40,Guardian of the Universe,Free,,1972,UK,Island,,,o93ywNZMsZs
333,40,おもちゃの血,ローザ・ルクセンブルグ,,1986,JPN,MIDI,,ちょっぴりタイムマシン,
334,41,不死身のビーナス,スピッツ,,1994,JPN,ポリドール,笹路正徳,漫遊前の一曲,
335,41,危険なふたり,沢田研二,さわだけんじ,1973,JPN,ポリドール,佐々木幸男,,
336,41,少女A,中森明菜,なかもりあきな,1982,JPN,リプリーズ・レコード,小田洋雄,,
337,41,春一番,キャンディーズ,,1976,JPN,CBS・ソニー,,,
338,41,男達のメロディー,SHOGUN,,1979,JPN,CBS・ソニー,,,
339,41,チェリーブラッサム,松田聖子,まつだせいこ,1981,JPN,CBS・ソニー,,,
340,41,大都会,クリスタルキング,,1979,JPN,キャニオンレコード,,,
341,41,闘牛士,Char,,1978,JPN,SEE-SAW,,ちょっぴりタイムマシン,
342,42,僕の天使マリ,スピッツ,,1992,JPN,ポリドール,,漫遊前の一曲,
343,42,Fiesta,The Pogues,,1988,UK,Pogue Mahone,Steve Lillywhite,,6pYI9t-I6qo
344,42,大迷惑,UNICORN,,1989,JPN,CBS・ソニー,笹路正徳,,9vEw-r3mmfk
345,42,ざまぁカンカン娘,GO-BANG'S,,1988,JPN,ポニーキャニオン,,,
346,42,Needles,System of a Down,,2001,US,Columbia,,,
347,42,憧れてきたんだ,あいみょん,,2017,JPN,unBORDE,,,
348,42,車輪の唄,BUMP OF CHICKEN,,2004,JPN,トイズファクトリー,,,x9S9oygUEW0
349,42,A Well Respected Man,The Kinks,,1965,UK,Reprise Records,Shel Talmy,,Gz3Pevx6FRk
350,42,チョイスで会おうぜ,ニューロティカ,,1989,JPN,キャプテンレコード,,ちょっぴりタイムマシン,J4YZS2OdW_U
351,43,うめぼし,スピッツ,,1991,JPN,ポリドール,高橋信彦,漫遊前の一曲,
352,43,yonige,アボカド,,2015,JPN,small indies table,,,F3tnfgZhJME
353,43,空芯菜,キュウソネコカミ,,2013,JPN,Exxentric Records,,,
354,43,Vegetable,Radiohead,,1993,UK,Parlophone,,,
355,43,ポテトサラダ,ZAZEN BOYS,,2012,JPN,Matsuri Studio,,,
356,43,Hot Dog,Led Zeppelin,,1979,UK,Swan Song Records,,,QOLTwt-bqoU
357,43,SPAGHETTI HAIR,BLANKY JET CITY,,1997,JPN,ポリドール,,,
358,43,バウムクーヘン,フジファブリック,,2009,JPN,EMIミュージック・ジャパン,,,
359,43,孤独,平野レミ,ひらのれみ,1988,JPN,アポロン,,ちょっぴりタイムマシン,
360,44,ハイファイ・ローファイ,スピッツ,,1999,JPN,ポリドール,,漫遊前の一曲,
361,44,While You See a Chance,Steve Winwood,,1980,UK,Island,,クジヒロコ選曲,0j6g_uUhH2c
362,44,Pump It Up,Elvis Costello,,1978,UK,Radar,Nick Lowe,クジヒロコ選曲,3Y71iDvCYXA
363,44,Revue,Squeeze,,1978,UK,A&M,John Wood,クジヒロコ選曲,jMf544DZlPg
364,44,In Between Days,The Cure,,1985,UK,Fiction,,クジヒロコ選曲,scif2vfg1ug
365,44,A Beautiful Sea,Sing Street,,2016,IRE,Decca Records,,クジヒロコ選曲,CiFQxM3isl8
366,44,Little Jの嘆き,GREAT3,,1996,JPN,東芝EMI,,クジヒロコ選曲,wbfFgR3tc4I
367,44,EVERY PLANETS SON,ヴィーナス・ペーター,,1992,JPN,WONDER RELEASE RECORDS,,クジヒロコ選曲,
368,45,ハチミツ,スピッツ,,1995,JPN,ポリドール,笹路正徳,漫遊前の一曲,6J1sPwGCH5w
369,45,Surrender,Cheap Trick,,1978,US,Epic,Tom Werman,,ZbkypX1OhZ0
370,45,Go All the Way,Raspberries,,1972,US,Capitol Records,Jimmy Ienner,,R5u25XGGo-E
371,45,Down About It,The Lemonheads,,1993,US,Atlantic,,,pCEDp1jxZAk
372,45,Mr. Tomorrow,Gigolo Aunts,,2002,US,Bittersweet,,,
373,45,Writing to Reach You,Travis,,1999,UK,Independiente,Nigel Godrich,,UeCcuH-EsuM
374,45,If This Ain't Really Love,The Szuters,,1998,US,Victor,,,
375,45,In the Street,Big Star,,1972,US,Ardent,John Fry,,RODxsYyXkys
376,45,地球はメリー・ゴーランド,ガロ,,1971,JPN,マッシュルーム,ミッキー・カーチス,ちょっぴりタイムマシン,
377,46,テレビ,スピッツ,,1991,JPN,ポリドール,,漫遊前の一曲,
378,46,Debaser,Pixies,,1989,US,4AD,Gil Norton,,PVyS9JwtFoQ
379,46,Bone Machine,Pixies,,1988,US,4AD,Steve Albini,,HfLk4o6ybCU
380,46,Here Comes Your Man,Pixies,,1989,US,4AD,Gil Norton,,tPgf_btTFlc
381,46,Something Against You,Pixies,,1988,US,4AD,Steve Albini,,ApUZ5DEyBHM
382,46,Velouria,Pixies,,1990,US,4AD,Gil Norton,,nc0Mv4Iyxvc
383,46,Bel Esprit,Pixies,,2016,US,Pixiesmusic,Tom Dalgety,,0O6Q6vb4KBk
384,46,Broken Face,Pixies,,1988,US,4AD,Steve Albini,,
385,46,Allison,Pixies,,1990,US,4AD,Gil Norton,,n37Bdr559to
386,46,できない,ふくろうず,,2010,JPN,SPACE SHOWER MUSIC,,ちょっぴりタイムマシン,_DGp6LhmXoc
387,47,涙がキラリ☆,スピッツ,,1995,JPN,ポリドール,笹路正徳,漫遊前の一曲,hGsNLE45uWE
388,47,ミサイルマン,THE HIGH-LOWS,,1995,JPN,キティレコード,,,
389,47,Garden,Spiral Life,,1995,JPN,ポリスター,,,bezCXU9hdCs
390,47,とまどいの時を越えて,FLYING KIDS,,1995,JPN,ビクターエンタテイメント,,,
391,47,Heavy Metal Thunder,Cornelius,,1995,JPN,ポリスター,,,
392,47,レミレミ,神森徹也,かみもりてつや,1995,JPN,EMIミュージック・ジャパン,,,
393,47,ノーコメント,TRANSISTOR GLAMOUR,,1995,JPN,日本コロムビア,,ちょっぴりタイムマシン,
394,48,ヘビーメロウ,スピッツ,,2017,JPN,ユニバーサル,亀田誠治,漫遊前の一曲,BASmTe-x-Ok
395,48,Back in Black,AC/DC,,1980,AUS,Albert,Robert John “Mutt” Lange,,pAgnJDJN4VA
396,48,Are You Gonna Be My Girl,Jet,,2003,AUS,Elektra,Dave Sardy,,tuK6n2Lkza0
397,48,What You Need,INXS,,1985,AUS,Atlantic,Chris Thomas,,FoEPrbdfmT4
398,48,"Hey, St. Peter",Flash & the Pan,,1978,AUS,Albert,Harry Vanda,,ffNImKTmiws
399,48,Lonesome Loser,Little River Band,,1979,AUS,Capitol Records,John Boylan,,ay1FBKsF2Nk
400,48,The Less I Know The Better,Tame Impala,,2015,AUS,Modular,,,sBzrzS1Ag_g
401,48,Butch & The Sundance Kid,Psysalia Psysalis Psyche,,2008,JPN,Acid Rain,,ちょっぴりタイムマシン,
402,49,エスカルゴ,スピッツ,,2002,JPN,ユニバーサル,亀田誠治,漫遊前の一曲,
403,49,Angel from the Coast,Thin Lizzy,,1976,IRE,Vertigo,,,skZXB37hk0M
404,49,Look What the Wind Blew In,Thin Lizzy,,1971,IRE,Decca Records,Scott English,,KTjF-yfUtn4
405,49,The Rocker,Thin Lizzy,,1973,IRE,Decca Records,NickTauber,,BF3NnFruoWQ
406,49,King's Vengeance,Thin Lizzy,,1975,IRE,Vertigo,Phil Lynott,,cxisFycOcxA
407,49,S & M,Thin Lizzy,,1979,IRE,Vertigo,Tony Visconti,,D4Ix_8YxQWo
408,49,Cowboy Song (Live 1978),Thin Lizzy,,1978,IRE,Vertigo,Tony Visconti,,I_5lv00BmoU
409,49,捨てちまえ,THEATRE BROOK,,1997,JPN,エピックレコードジャパン,,ちょっぴりタイムマシン,
410,50,ウサギのバイク,スピッツ,,1991,JPN,ポリドール,,漫遊前の一曲,
411,50,This Is the Sound,The Juliana Hatfield Three,,1993,US,Mammoth,Scott Litt,,
412,50,美しい棘,GLIM SPANKY,,2017,JPN,ユニバーサル,,,aoHztp815sw
413,50,Motorcrash,The Sugarcubes,,1988,ISL,One Little Indian,,,vz9WNOkVTWo
414,50,チューチュー ラブリー ムニムニ ムラムラ プリンプリン ボロン ヌルル　レロレロ,マキシマム ザ ホルモン,,2007,JPN,VAP,,,
415,50,Beautiful Dream,"Suddenly, Tammy!",,1995,US,Warner Bros.,,,fe2L1HXq7u0
416,50,タマシイレボリューション,Superfly,,2010,JPN,ワーナーミュージック・ジャパン,,,Z2tedgbqJJs
417,50,Water Tracks,トルネード竜巻,,2003,JPN,colla disc,,ちょっぴりタイムマシン,
418,51,ナサケモノ,スピッツ,,2016,JPN,ユニバーサル,亀田誠治,漫遊前の一曲,
419,51,Semicircle Song,The Go! Team,,2018,UK,Memphis Industries,,,DMPRjK813ME
420,51,Future,Attractions,,2018,JPN,GIMMICK-MAGIC,,,
421,51,アーケード,カネコアヤノ,,2018,JPN,We Are,,,r8BB8wQhtd8
422,51,生活,polly,,2018,JPN,DAIZAWA RECORDS,,,Kzion235n-E
423,51,Nobody,Mitski,,2018,US,Dead Oceans,Patrick Hyland,,qooWnw5rEcI
424,51,漂流劇団,ズーカラデル,,2018,JPN,SPACE SHOWER MUSIC,,,nRhycautvCE
425,51,Apathy,Frankie Cosmos,,2018,US,Sub Pop,,,Vc3JanvAgz8
426,51,あなたはやって来る 〜Dear Santa〜,小谷美紗子,おだにみさこ,1997,JPN,ユニバーサル,,ちょっぴりタイムマシン,
427,52,まもるさん,スピッツ,,2008,JPN,ユニバーサル,亀田誠治,漫遊前の一曲,
428,52,そんなヒロシに騙されて,サザンオールスターズ,,1983,JPN,タイシタレーベル,,,
429,52,Buddy Holly,Weezer,,1994,US,DGC,Ric Ocasek,,kemivUKb4f4
430,52,Jeremy,Pearl Jam,,1992,US,Epic,Rick Parashar,,MS91knuzoOA
431,52,TOSHI-LOWさん,キュウソネコカミ,,2017,JPN,Getting Better,,,jSHAEoLBJCU
432,52,Jimmy,The Living End,,2003,AUS,EMI,Mark Trombino,,L2NJ_HJe53s
433,52,Paul,Big Thief,,2016,US,Saddle Creek Records,,,4lu5fA6i6zg
434,52,Hey Joe,The Jimi Hendrix Experience,,1966,US,Polydor,Chas Chandler,,rXwMrBb2x1Q
435,52,Devil’s own,WINO,,1998,JPN,SPEEDSTAR RECORDS,,ちょっぴりタイムマシン,